{
    "rmse": 0.857716038626028,
    "mae": 0.657834181247915,
    "r2": 0.050093839881421354
}